                  epoch,         train/box_loss,         train/cls_loss,         train/dfl_loss,   metrics/precision(B),      metrics/recall(B),       metrics/mAP50(B),    metrics/mAP50-95(B),           val/box_loss,           val/cls_loss,           val/dfl_loss,                 lr/pg0,                 lr/pg1,                 lr/pg2
                      1,                 1.5593,                 3.9735,                 1.2996,                0.38008,                 0.4998,                0.40815,                0.24975,                 1.3685,                 2.4328,                 1.1577,             9.7459e-05,             9.7459e-05,             9.7459e-05
                      2,                 1.3665,                 2.0238,                 1.1659,                0.77285,                0.79768,                0.83955,                0.53261,                 1.2805,                 1.2173,                  1.136,             0.00014708,             0.00014708,             0.00014708
                      3,                 1.2487,                 1.4014,                 1.1149,                0.83955,                0.85439,                0.90173,                0.58481,                  1.225,                 1.0085,                 1.1058,              0.0001482,              0.0001482,              0.0001482
                      4,                 1.1925,                 1.2117,                 1.0907,                0.86503,                0.89441,                0.91767,                0.58916,                 1.2334,                0.92328,                 1.1131,             7.5705e-05,             7.5705e-05,             7.5705e-05
